user_id,firstname,lastname,email,gmail,password
1,Aaron,Wang,aaronw7@uci.edu,,
2,David,Lim,limdh1998@gmail.com ,limdh1998@gmail.com ,
3,Filimon,Kiros,filimona.kiros@gmail.com,filimona.kiros@gmail.com,
4,Jason,Novacovici,jason.novacovici@gmail.com,jason.novacovici@gmail.com,
5,Joanna,Zhang,qingmango@gmail.com,qingmango@gmail.com,
6,Mike,Manzo,mpmanzo@gmail.com,mpmanzo@gmail.com,
7,Othniel,Chan,othnielhr.chan@gmail.com,othnielhr.chan@gmail.com,